CatalogNumber,DataProvider,ScientificName,VernacularNameCategory,TaxonRank,Station,ObservationDate,latitude,longitude,DepthInMeters,DepthMethod,Locality,LocationAccuracy,SurveyID,Repository,IdentificationQualifier,EventID,SamplingEquipment,RecordType,SampleID,DatasetID,ShallowFlag
,,,,,,,degrees_north,degrees_east,m,,,m,,,,,,,,,
1,"Smithsonian Institution, National Museum of Natural History",Pourtalosmilia conferta,stony coral (cup coral),species,5660,4/14/1964,34.95839,-75.32464,146,averaged,Off Cape Hatteras,,SB1964,"Smithsonian Institution, National Museum of Natural History",morphological ID by taxonomic expert,,,specimen,USNM 46851,NMNH_IZ,0
2,"Smithsonian Institution, National Museum of Natural History",Pourtalosmilia conferta,stony coral (cup coral),species,5660,4/14/1964,34.95839,-75.32464,146,averaged,Off Cape Hatteras,,SB1964,"Smithsonian Institution, National Museum of Natural History",morphological ID by taxonomic expert,,,specimen,USNM 46852,NMNH_IZ,0
3,"Smithsonian Institution, National Museum of Natural History",Pourtalosmilia conferta,stony coral (cup coral),species,332,3/24/1958,29.28357,-88.26665,84,reported,South Of Mississippi,,SB1958,"Smithsonian Institution, National Museum of Natural History",morphological ID by taxonomic expert,,,specimen,USNM 46853,NMNH_IZ,0
4,"Smithsonian Institution, National Museum of Natural History",Pourtalosmilia conferta,stony coral (cup coral),species,134,6/21/1963,24.48375,-80.88314,191,reported,,,GERD1963 - 6333,"Smithsonian Institution, National Museum of Natural History",morphological ID by taxonomic expert,,,specimen,USNM 46854,NMNH_IZ,0
8,"Smithsonian Institution, National Museum of Natural History",Desmophyllum pertusum,stony coral (branching),species,105,7/27/1964,30.96684,-79.69976,396,averaged,E Of Port Royal Sound,,PBRY1964,"Smithsonian Institution, National Museum of Natural History",morphological ID by taxonomic expert,,,specimen,USNM 46020,NMNH_IZ,0
10,"Smithsonian Institution, National Museum of Natural History",Desmophyllum pertusum,stony coral (branching),species,197,8/11/1964,27.98361,-79.3331,577,averaged,"Melbourne, East of",,PBRY1964 - 6406,"Smithsonian Institution, National Museum of Natural History",morphological ID by taxonomic expert,,,specimen,USNM 46018,NMNH_IZ,0
11,"Smithsonian Institution, National Museum of Natural History",Desmophyllum pertusum,stony coral (branching),species,140,9/28/1973,26.40033,-79.59977,738,reported,"Boca Raton, East Of",,CI1973,"Smithsonian Institution, National Museum of Natural History",morphological ID by taxonomic expert,,,specimen,USNM 46021,NMNH_IZ,0
12,"Smithsonian Institution, National Museum of Natural History",Desmophyllum pertusum,stony coral (branching),species,246,10/29/1974,26.38367,-79.61644,752,averaged,"Boca Raton, East Of",,CI1974,"Smithsonian Institution, National Museum of Natural History",morphological ID by taxonomic expert,,,specimen,USNM 46023,NMNH_IZ,0
13,"Smithsonian Institution, National Museum of Natural History",Desmophyllum pertusum,stony coral (branching),species,3651,7/25/1962,29.20024,-88.04998,503,averaged,75 Mile SE Of Pascagoula,,ORGN1962,"Smithsonian Institution, National Museum of Natural History",morphological ID by taxonomic expert,,,specimen,USNM 1116216,NMNH_IZ,0
14,United States Geological Survey,Desmophyllum pertusum,stony coral (branching),species,6690,5/9/1967,29.28356,-79.44976,878,reported,,,ORGN1967,,morphological ID by taxonomic expert,,,literature,CoWCoG 14,USGS_CoWCoG,0
15,"Smithsonian Institution, National Museum of Natural History",Desmophyllum pertusum,stony coral (branching),species,11703,1/19/1972,30.46686,-79.84977,494,reported,"Blake Plateau, East Of Savannah",,ORGN1972 - 33,"Smithsonian Institution, National Museum of Natural History",morphological ID by taxonomic expert,,,specimen,USNM 89257,NMNH_IZ,0
16,"Smithsonian Institution, National Museum of Natural History",Desmophyllum pertusum,stony coral (branching),species,11716,1/21/1972,30.86685,-79.64976,576,reported,,,ORGN1972,"Smithsonian Institution, National Museum of Natural History",morphological ID by taxonomic expert,,,specimen,USNM 1116179,NMNH_IZ,0
17,"Smithsonian Institution, National Museum of Natural History",Desmophyllum pertusum,stony coral (branching),species,11725,1/22/1972,31.73348,-79.03308,543,reported,"Blake Plateau, East Of Savannah",,ORGN1972 - 33,"Smithsonian Institution, National Museum of Natural History",morphological ID by taxonomic expert,,,specimen,USNM 89256,NMNH_IZ,0
18,"Smithsonian Institution, National Museum of Natural History",Desmophyllum pertusum,stony coral (branching),species,11726,1/22/1972,31.70015,-78.88308,512,reported,"Blake Plateau, East Of Savannah",,ORGN1972,"Smithsonian Institution, National Museum of Natural History",morphological ID by taxonomic expert,,,specimen,USNM 89254,NMNH_IZ,0
19,United States Geological Survey,Desmophyllum pertusum,stony coral (branching),species,318,1880-07-12,31.81389,-77.86389,616,reported,east coast of US,>1000m,"Steamer Blake, 1880",,morphological ID by taxonomic expert,,,literature,CoWCoG 19,USGS_CoWCoG,0
20,"Smithsonian Institution, National Museum of Natural History",Desmophyllum pertusum,stony coral (branching),species,2415,1885-04-01,30.73333,-79.43333,805,reported,off NE coast,>1000m,"Steamer Albatross, 1885","Smithsonian Institution, National Museum of Natural History",,,trawl,specimen,USNM 10504,NMNH_IZ,0
21,"Smithsonian Institution, National Museum of Natural History",Desmophyllum pertusum,stony coral (branching),species,2416,1885-04-01,31.43333,-79.11667,505,reported,off NE coast,>1000m,"Steamer Albatross, 1885","Smithsonian Institution, National Museum of Natural History",,,trawl,specimen,USNM 10526,NMNH_IZ,0
22,"Smithsonian Institution, National Museum of Natural History",Desmophyllum pertusum,stony coral (branching),species,2625,1885-10-21,32.58333,-77.5,452,reported,"Northern Blake Plateau - off Charleston, SC",>1000m,"Steamer Albatross, 1885","Smithsonian Institution, National Museum of Natural History",,,trawl,specimen,USNM 36590,NMNH_IZ,0
23,"Smithsonian Institution, National Museum of Natural History",Desmophyllum pertusum,stony coral (branching),species,2661,1886-05-04,29.28333,-79.61667,801,reported,"Daytona Beach, East of",>1000m,"Steamer Albatross, 1886","Smithsonian Institution, National Museum of Natural History",,,trawl,specimen,USNM 14568,NMNH_IZ,0
24,"Smithsonian Institution, National Museum of Natural History",Desmophyllum pertusum,stony coral (branching),species,2663,1886-05-04,29.65,-79.81667,770,reported,"Daytona Beach, NE of",>1000m,"Steamer Albatross, 1886","Smithsonian Institution, National Museum of Natural History",,,trawl,specimen,USNM 16159,NMNH_IZ,0
25,"Smithsonian Institution, National Museum of Natural History",Desmophyllum pertusum,stony coral (branching),species,2667,1886-05-05,30.88333,-79.71667,499,reported,Cumberland Island,>1000m,"Steamer Albatross, 1886","Smithsonian Institution, National Museum of Natural History",,,trawl,specimen,USNM 14498,NMNH_IZ,0
26,"Smithsonian Institution, National Museum of Natural History",Desmophyllum pertusum,stony coral (branching),species,,1886-05-05,31.15,-79.56667,644,reported,,>1000m,"Steamer Albatross, 1886","Smithsonian Institution, National Museum of Natural History",,,,specimen,USNM 14462,NMNH_IZ,0
27,"Smithsonian Institution, National Museum of Natural History",Desmophyllum pertusum,stony coral (branching),species,2671,1886-05-04,31.33333,-79.36667,512,reported,Sapelo Island,>1000m,"Steamer Albatross, 1886","Smithsonian Institution, National Museum of Natural History",,,,specimen,USNM 16154,NMNH_IZ,0
28,United States Geological Survey,Desmophyllum pertusum,stony coral (branching),species,308,4/23/1957,31.06684,-79.69976,366,reported,,,CMBT1957,,morphological ID by taxonomic expert,,,literature,CoWCoG 28,USGS_CoWCoG,0
29,United States Geological Survey,Desmophyllum pertusum,stony coral (branching),species,412,6/22/1957,34.4334,-75.69965,393,reported,,,CMBT1957,,morphological ID by taxonomic expert,,,literature,CoWCoG 29,USGS_CoWCoG,0
30,"Smithsonian Institution, National Museum of Natural History",Desmophyllum pertusum,stony coral (branching),species,436,7/21/1957,24.21709,-81.69983,549,reported,off Key West,,CMBT1957,"Smithsonian Institution, National Museum of Natural History",morphological ID by taxonomic expert,,,specimen,USNM 1116209,NMNH_IZ,0
31,"Smithsonian Institution, National Museum of Natural History",Desmophyllum pertusum,stony coral (branching),species,1606,6/3/1964,25.95035,-79.79978,465,reported,"Straits Of Florida, NE Of Miami",,GOS1964,"Smithsonian Institution, National Museum of Natural History",morphological ID by taxonomic expert,,,specimen,USNM 1116214,NMNH_IZ,0
32,United States Geological Survey,Desmophyllum pertusum,stony coral (branching),species,1615,6/3/1964,26.93365,-79.61644,669,reported,"Straits Of Florida, NE Of Miami",,GOS1964,,morphological ID by taxonomic expert,,,literature,CoWCoG 32,USGS_CoWCoG,0
33,"Smithsonian Institution, National Museum of Natural History",Desmophyllum pertusum,stony coral (branching),species,1642,6/5/1964,28.98357,-79.51643,752,reported,"Blake Plateau, Off Florida",,GOS1964,"Smithsonian Institution, National Museum of Natural History",morphological ID by taxonomic expert,,,specimen,USNM 1116173,NMNH_IZ,0
34,"Smithsonian Institution, National Museum of Natural History",Desmophyllum pertusum,stony coral (branching),species,1643,6/5/1964,29.01691,-79.66644,822,reported,,,GOS1964,"Smithsonian Institution, National Museum of Natural History",morphological ID by taxonomic expert,,,specimen,USNM 1116212,NMNH_IZ,0
35,"Smithsonian Institution, National Museum of Natural History",Desmophyllum pertusum,stony coral (branching),species,1644,6/5/1964,29.1633,-79.7383,802,reported,"Blake Plateau, off east coast of United States",,GOS1964,"Smithsonian Institution, National Museum of Natural History",morphological ID by taxonomic expert,,grab,specimen,USNM 1112984,NMNH_IZ,0
36,"Smithsonian Institution, National Museum of Natural History",Desmophyllum pertusum,stony coral (branching),species,1645,6/5/1964,29.355,-79.7317,712,reported,"Blake Plateau, off east coast of United States",,GOS1964,"Smithsonian Institution, National Museum of Natural History",morphological ID by taxonomic expert,,,specimen,USNM 1113104,NMNH_IZ,0
37,"Smithsonian Institution, National Museum of Natural History",Desmophyllum pertusum,stony coral (branching),species,1731,6/14/1964,30.18,-79.8867,534,reported,"Blake Plateau, off east coast of United States",,GOS1964,"Smithsonian Institution, National Museum of Natural History",morphological ID by taxonomic expert,,,specimen,USNM 1112985,NMNH_IZ,0
38,United States Geological Survey,Desmophyllum pertusum,stony coral (branching),species,1738,6/14/1964,30.51686,-79.86644,480,reported,,,GOS1964,,morphological ID by taxonomic expert,,,literature,CoWCoG 38,USGS_CoWCoG,0
39,"Smithsonian Institution, National Museum of Natural History",Desmophyllum pertusum,stony coral (branching),species,1739,6/14/1964,30.5183,-79.6933,639,reported,,,GOS1964,"Smithsonian Institution, National Museum of Natural History",morphological ID by taxonomic expert,,,specimen,USNM 1116170,NMNH_IZ,0
40,"Smithsonian Institution, National Museum of Natural History",Desmophyllum pertusum,stony coral (branching),species,1742,6/14/1964,30.75018,-79.31642,752,reported,,,GOS1964,"Smithsonian Institution, National Museum of Natural History",morphological ID by taxonomic expert,,,specimen,USNM 1116171,NMNH_IZ,0
41,"Smithsonian Institution, National Museum of Natural History",Desmophyllum pertusum,stony coral (branching),species,1743,6/14/1964,30.85,-79.4,802,reported,,,GOS1964,"Smithsonian Institution, National Museum of Natural History",morphological ID by taxonomic expert,,,specimen,USNM 1113106,NMNH_IZ,0
42,United States Geological Survey,Desmophyllum pertusum,stony coral (branching),species,1764,6/17/1964,31.68349,-79.24975,504,reported,SE Of,,GOS1964,,morphological ID by taxonomic expert,,,specimen,CoWCoG 42,USGS_CoWCoG,0
43,"Smithsonian Institution, National Museum of Natural History",Desmophyllum pertusum,stony coral (branching),species,1796,6/21/1964,32.65012,-77.99972,248,reported,"Blake Plateau, Off South Carolina",,GOS1964,"Smithsonian Institution, National Museum of Natural History",,,,specimen,USNM 1116172,NMNH_IZ,0
44,United States Geological Survey,Desmophyllum pertusum,stony coral (branching),species,2191,8/27/1964,40.69991,-66.74937,690,reported,"Georges Bank, SE slope",,GOS1964,,morphological ID by taxonomic expert,,,literature,CoWCoG 44,USGS_CoWCoG,0
45,"Smithsonian Institution, National Museum of Natural History",Desmophyllum pertusum,stony coral (branching),species,2468,9/16/1965,29.41689,-79.64977,780,reported,"Blake Plateau, Off Flagler Beach",,GOS1964,"Smithsonian Institution, National Museum of Natural History",morphological ID by taxonomic expert,,,specimen,USNM 1116176,NMNH_IZ,0
46,"Smithsonian Institution, National Museum of Natural History",Desmophyllum pertusum,stony coral (branching),species,14449,1970,34.3,-75.78333,450,reported,Off North Carolina,>1000m,EWRD,"Smithsonian Institution, National Museum of Natural History",morphological ID by taxonomic expert,,,specimen,USNM 54498,NMNH_IZ,0
47,"Smithsonian Institution, National Museum of Natural History",Desmophyllum pertusum,stony coral (branching),species,26004,1974-11,28.1336,-79.54977,808,averaged,Off Melbourne,,EWRD1974,"Smithsonian Institution, National Museum of Natural History",,,,specimen,USNM 46022,NMNH_IZ,0
48,United States Geological Survey,Desmophyllum pertusum,stony coral (branching),species,26017,1974-11,26.65033,-79.54977,778,averaged,,,EWRD1974,,morphological ID by taxonomic expert,,,literature,CoWCoG 48,USGS_CoWCoG,0
49,United States Geological Survey,Desmophyllum pertusum,stony coral (branching),species,26019,1974-11,27.28363,-79.41643,675,averaged,,,EWRD1974,,morphological ID by taxonomic expert,,,literature,CoWCoG 49,USGS_CoWCoG,0
50,"Smithsonian Institution, National Museum of Natural History",Desmophyllum pertusum,stony coral (branching),species,26028,1974-11,27.16697,-79.41643,668,averaged,,,EWRD1974,"Smithsonian Institution, National Museum of Natural History",,,,specimen,USNM 46026,NMNH_IZ,0
51,"Smithsonian Institution, National Museum of Natural History",Desmophyllum pertusum,stony coral (branching),species,26031,1974-11,27.00031,-79.39977,668,averaged,"Jupiter, East Of",,EWRD1974 - 16A-74,"Smithsonian Institution, National Museum of Natural History",morphological ID by taxonomic expert,,,specimen,USNM 46027,NMNH_IZ,0
52,United States Geological Survey,Desmophyllum pertusum,stony coral (branching),species,26034,1974-11,27.83361,-79.3331,653,averaged,,,EWRD1974,,morphological ID by taxonomic expert,,,literature,CoWCoG 52,USGS_CoWCoG,0
53,United States Geological Survey,Desmophyllum pertusum,stony coral (branching),species,26037,1974-11,26.48366,-79.09976,600,averaged,West of Little Bahama Bank,,EWRD1974,,morphological ID by taxonomic expert,,,literature,CoWCoG 53,USGS_CoWCoG,0
54,"Texas A&M, Biodiversity Research and Teaching Collections",Desmophyllum pertusum,stony coral (branching),species,,8/6/1968,29.23357,-86.99995,878,reported,,,ALM1968,Texas A&M Biodiversity Research and Teaching Collections (BRTC),,,,specimen,TAMU68A7-12B,Texas_AM_BRTC,0
56,United States Geological Survey,Desmophyllum pertusum,stony coral (branching),species,,2002,29.102,-88.387,330,averaged,SE corner of MMS lease block VK862/NE corner of M*,100m,,,,,submersible,literature,CoWCoG 56,USGS_CoWCoG,0
57,United States Geological Survey,Madrepora oculata,stony coral (branching),species,,2002,28.025,-89.727,710,averaged,"MMS lease block MC929, Mississippi Canyon",100m,,,,,submersible,literature,CoWCoG 57,USGS_CoWCoG,0
58,United States Geological Survey,Desmophyllum pertusum,stony coral (branching),species,,1984,27.893,-90.118,635,averaged,"MMS lease block GC81, Green Canyon",100m,,,,,,literature,CoWCoG 58,USGS_CoWCoG,0
59,United States Geological Survey,Madrepora oculata,stony coral (branching),species,,2002,27.733,-91.046,695,averaged,"MMS lease block GC238, Green Canyon",100m,,,,,submersible,literature,CoWCoG 59,USGS_CoWCoG,0
67,"Smithsonian Institution, National Museum of Natural History",Caryophyllia (Caryophyllia) barbadensis,stony coral (cup coral),species,2585,9/5/1989,27.7436,-91.1317,137,averaged,Green Canyon,100m,,"Smithsonian Institution, National Museum of Natural History",morphological ID by taxonomic expert,JSL-I-2585,submersible,specimen,USNM 89359,NMNH_IZ,0
68,"Smithsonian Institution, National Museum of Natural History",Phyllangia americana,stony coral (cup coral),species,,2/5/1939,26.5,-96.43333,91,reported,"off Padre Island, Texas",>1000m,PLCN,"Smithsonian Institution, National Museum of Natural History",,,,specimen,USNM 87780,NMNH_IZ,0
69,"Smithsonian Institution, National Museum of Natural History",Phyllangia americana,stony coral (cup coral),species,,9/1/1976,27.91667,-93.45,100,reported,"28 Fathom Bank, near East Flower Garden Bank",>1000m,,"Smithsonian Institution, National Museum of Natural History",,,,specimen,USNM 87781,NMNH_IZ,0
71,"Smithsonian Institution, National Museum of Natural History",Pourtalosmilia conferta,stony coral (cup coral),species,2586,9/6/1989,27.7358,-91.1222,183,reported,Green Canyon,100m,,"Smithsonian Institution, National Museum of Natural History",morphological ID by taxonomic expert,JSL-I-2586,submersible,specimen,USNM 89357,NMNH_IZ,0
73,"Smithsonian Institution, National Museum of Natural History",Stenocyathus vermiformis,stony coral (cup coral),species,2587,9/7/1989,27.8436,-91.3822,274,reported,Green Canyon,100m,,"Smithsonian Institution, National Museum of Natural History",morphological ID by taxonomic expert,JSL-I-2587,submersible,specimen,USNM 87793,NMNH_IZ,0
74,"Smithsonian Institution, National Museum of Natural History",Stenocyathus vermiformis,stony coral (cup coral),species,2590,9/8/1989,27.8053,-91.5617,258,averaged,Green Canyon,100m,,"Smithsonian Institution, National Museum of Natural History",morphological ID by taxonomic expert,JSL-I-2590,submersible,specimen,USNM 87794,NMNH_IZ,0
75,United States Geological Survey,Desmophyllum pertusum,stony coral (branching),species,,5/29/1977,27.07364,-79.3131,611,reported,Little Bahama Bank,,A2-00-00,,,761,submersible,literature,CoWCoG 75,USGS_CoWCoG,0
76,United States Geological Survey,Desmophyllum pertusum,stony coral (branching),species,,2/20/1984,27.06667,-79.33333,614,reported,Little Bahama Bank,100m,A2-112-03,,,1334,submersible,literature,CoWCoG 76,USGS_CoWCoG,0
77,United States Geological Survey,Desmophyllum pertusum,stony coral (branching),species,,3/13/1955,29.08358,-88.3817,467,averaged,continental slope 40 miles east of Mississippi River | MMS Lease Block VK906,,ORGN1955,,,,,literature,JHS 3394,USGS_CoWCoG,0
78,United States Geological Survey,Caryophyllia,stony coral (cup coral),genus,,3/13/1955,29.08358,-88.3817,467,averaged,continental slope 40 miles east of Mississippi River | MMS Lease Block VK906,>1000m,ORGN1955,,,,,literature,CoWCoG 78,USGS_CoWCoG,0
80,"Smithsonian Institution, National Museum of Natural History",Desmophyllum pertusum,stony coral (branching),species,436,7/21/1957,24.21667,-81.7,549,reported,,>1000m,,"Smithsonian Institution, National Museum of Natural History",,,net,specimen,USNM 1116209,NMNH_IZ,0
81,United States Geological Survey,Desmophyllum pertusum,stony coral (branching),species,,1985,26.35,-84.76667,500,reported,W Florida slope,100m,CH-4-85,,,,,literature,CH-A,USGS_CoWCoG,0
82,United States Geological Survey,Flabellum (Ulocyathus) moseleyi,stony coral (cup coral),species,,1985,27.05,-84.95833,500,reported,W Florida slope,100m,CH-4-85,,,,,literature,CH-F,USGS_CoWCoG,0
83,United States Geological Survey,Bathypsammia,stony coral (cup coral),genus,,1985,27.23333,-84.75,240,reported,W Florida slope,,CH-4-85,,,,,literature,CH-G,USGS_CoWCoG,0
84,United States Geological Survey,Caryophyllia,stony coral (cup coral),genus,,1985,26.35,-84.76667,500,reported,W Florida slope,100m,CH-4-85,,,,,literature,CH-H,USGS_CoWCoG,0
85,United States Geological Survey,Madrepora oculata,stony coral (branching),species,,1985,26.35,-84.76667,500,reported,W Florida slope,100m,CH-4-85,,,,,literature,CH-I,USGS_CoWCoG,0
87,United States Geological Survey,Cladopsammia,stony coral (branching),genus,,3/22/2005,29.18391,-85.68104,70,reported,"inside Madison Swanson MPA, W Florida Shelf",100m,LSTR05002,United States Geological Survey,,1,ROV,still image,01-001B,USGS_CoWCoG,0
89,United States Geological Survey,Cladopsammia,stony coral (branching),genus,,3/22/2005,29.18383,-85.68099,71,averaged,"inside Madison Swanson MPA, W Florida Shelf",100m,LSTR05002,United States Geological Survey,,1,ROV,still image,01-002B,USGS_CoWCoG,0
91,United States Geological Survey,Cladopsammia,stony coral (branching),genus,,3/22/2005,29.18408,-85.68109,72,averaged,"inside Madison Swanson MPA, W Florida Shelf",100m,LSTR05002,United States Geological Survey,,1,ROV,still image,01-006B,USGS_CoWCoG,0
92,United States Geological Survey,Cladopsammia,stony coral (branching),genus,,3/22/2005,29.18423,-85.68084,71,reported,"inside Madison Swanson MPA, W Florida Shelf",100m,LSTR05002,United States Geological Survey,,1,ROV,still image,01-008,USGS_CoWCoG,0
94,United States Geological Survey,Cladopsammia,stony coral (branching),genus,,3/22/2005,29.18424,-85.68085,69,reported,"inside Madison Swanson MPA, W Florida Shelf",100m,LSTR05002,United States Geological Survey,,1,ROV,still image,01-010B,USGS_CoWCoG,0
97,United States Geological Survey,Cladopsammia,stony coral (branching),genus,,3/22/2005,29.18452,-85.68097,69,reported,"inside Madison Swanson MPA, W Florida Shelf",100m,LSTR05002,United States Geological Survey,,1,ROV,still image,01-018B,USGS_CoWCoG,0
98,United States Geological Survey,Cladopsammia,stony coral (branching),genus,,3/22/2005,29.18431,-85.68077,70,reported,"inside Madison Swanson MPA, W Florida Shelf",100m,LSTR05002,United States Geological Survey,,1,ROV,still image,01-020,USGS_CoWCoG,0
99,United States Geological Survey,Cladopsammia,stony coral (branching),genus,,3/22/2005,29.18442,-85.68079,72,reported,"inside Madison Swanson MPA, W Florida Shelf",100m,LSTR05002,United States Geological Survey,,2,ROV,still image,02-003,USGS_CoWCoG,0
103,United States Geological Survey,Cladopsammia,stony coral (branching),genus,,3/23/2005,29.1719,-85.69985,72,reported,"inside Madison Swanson MPA, W Florida Shelf",100m,LSTR05002,United States Geological Survey,,4,ROV,still image,04-006,USGS_CoWCoG,0
105,United States Geological Survey,Cladopsammia,stony coral (branching),genus,,3/23/2005,29.17355,-85.69879,78,reported,"inside Madison Swanson MPA, W Florida Shelf",100m,LSTR05002,United States Geological Survey,,4,ROV,still image,04-022B,USGS_CoWCoG,0
106,United States Geological Survey,Cladopsammia,stony coral (branching),genus,,3/23/2005,29.17324,-85.69862,76,averaged,"inside Madison Swanson MPA, W Florida Shelf",100m,LSTR05002,United States Geological Survey,,4,ROV,still image,04-025,USGS_CoWCoG,0
107,United States Geological Survey,Cladopsammia,stony coral (branching),genus,,3/23/2005,29.17338,-85.69848,72,reported,"inside Madison Swanson MPA, W Florida Shelf",100m,LSTR05002,United States Geological Survey,,4,ROV,still image,04-027,USGS_CoWCoG,0
108,United States Geological Survey,Cladopsammia,stony coral (branching),genus,,3/23/2005,29.16459,-85.71813,75,averaged,"inside Madison Swanson MPA, W Florida Shelf",100m,LSTR05002,United States Geological Survey,,5,ROV,still image,05-013,USGS_CoWCoG,0
110,United States Geological Survey,Cladopsammia,stony coral (branching),genus,,3/23/2005,29.16313,-85.74629,84,reported,"inside Madison Swanson MPA, W Florida Shelf",100m,LSTR05002,United States Geological Survey,,7,ROV,still image,07-001,USGS_CoWCoG,0
111,United States Geological Survey,Cladopsammia,stony coral (branching),genus,,3/23/2005,29.16322,-85.74638,84,reported,"inside Madison Swanson MPA, W Florida Shelf",100m,LSTR05002,United States Geological Survey,,7,ROV,still image,07-003,USGS_CoWCoG,0
112,United States Geological Survey,Cladopsammia,stony coral (branching),genus,,3/23/2005,29.16311,-85.74622,84,reported,"inside Madison Swanson MPA, W Florida Shelf",100m,LSTR05002,United States Geological Survey,,7,ROV,still image,07-004,USGS_CoWCoG,0
113,United States Geological Survey,Cladopsammia,stony coral (branching),genus,,3/23/2005,29.16328,-85.74638,84,reported,"inside Madison Swanson MPA, W Florida Shelf",100m,LSTR05002,United States Geological Survey,,7,ROV,still image,07-005,USGS_CoWCoG,0
114,United States Geological Survey,Cladopsammia,stony coral (branching),genus,,3/23/2005,29.16339,-85.7461,84,reported,"inside Madison Swanson MPA, W Florida Shelf",100m,LSTR05002,United States Geological Survey,,7,ROV,still image,07-012,USGS_CoWCoG,0
115,United States Geological Survey,Cladopsammia,stony coral (branching),genus,,3/23/2005,29.1633,-85.74609,83,reported,"inside Madison Swanson MPA, W Florida Shelf",100m,LSTR05002,United States Geological Survey,,7,ROV,still image,07-029,USGS_CoWCoG,0
121,United States Geological Survey,Madracis myriaster,stony coral (branching),species,1,7/1/1972,25.08372,-77.36639,200,reported,Bahamas,,CI72-75,,morphological ID by taxonomic expert,,,literature,CoWCoG 121,USGS_CoWCoG,0
122,United States Geological Survey,Madracis myriaster,stony coral (branching),species,45,1878,25.55,-84.35,185,reported,"northwest of Dry Tortugas, Gulf of Mexico",>1000m,"Steamer Blake, 1877",,morphological ID by taxonomic expert,,dredge,literature,CoWCoG 122,USGS_CoWCoG,0
123,"Museum of Comparative Zoology, Harvard University",Fungiacyathus (Bathyactis) symmetricus,stony coral (cup coral),species,,1869-03-23,25.38333,-79.8,642,reported,"off Carysfort Reef, Florida",>1000m,BIBB1868,"Museum of Comparative Zoology, Harvard University",morphological ID by taxonomic expert,,dredge,specimen,MCZ-IZ-2767,MCZ_IZ,0
138,United States Geological Survey,Fungiacyathus (Bathyactis) symmetricus,stony coral (cup coral),species,663,7/17/1965,27.50029,-79.36643,573,averaged,Straits of Florida,,GERD62-72,,morphological ID by taxonomic expert,,,literature,CoWCoG 138,USGS_CoWCoG,0
145,United States Geological Survey,Fungiacyathus (Bathyactis) symmetricus,stony coral (cup coral),species,723,8/3/1965,26.16701,-78.68308,632,averaged,Straits of Florida,,GERD62-72,,morphological ID by taxonomic expert,,,literature,CoWCoG 145,USGS_CoWCoG,0
155,United States Geological Survey,Fungiacyathus (Bathyactis) crispus,stony coral (cup coral),species,50,1878,28.51667,-85.88333,218,reported,Slope off Florida panhandle,>1000m,"Steamer Blake, 1877",,morphological ID by taxonomic expert,,dredge,literature,CoWCoG 155,USGS_CoWCoG,0
164,United States Geological Survey,Madrepora oculata,stony coral (branching),species,190,7/4/1963,25.95035,-78.1164,815,averaged,Straits of Florida,,GERD62-72,,morphological ID by taxonomic expert,,,literature,CoWCoG 164,USGS_CoWCoG,0
167,United States Geological Survey,Madrepora oculata,stony coral (branching),species,372,9/17/1964,23.85044,-81.03315,1135,averaged,Straits of Florida,,GERD62-72,,morphological ID by taxonomic expert,,,literature,CoWCoG 167,USGS_CoWCoG,0
176,United States Geological Survey,Madrepora oculata,stony coral (branching),species,,1974,27.15864,-79.41643,668,averaged,Straits of Florida,,EWRD1974,,morphological ID by taxonomic expert,,,literature,CoWCoG 176,,0
